<?xml version="1.0"?>
<Runs Version="1" Minor="0">
	<Run Id="system_processing_system7_0_0_synth_1" LaunchDir="/home/zxy/Documents/Vivado/pynq_z2_base/pynq_z2_base.runs/system_processing_system7_0_0_synth_1" FlowId="Vivado_Synthesis" FromStepId="vivado" ToStepId="vivado"/>
	<Run Id="synth_1" LaunchDir="/home/zxy/Documents/Vivado/pynq_z2_base/pynq_z2_base.runs/synth_1" FlowId="Vivado_Synthesis" FromStepId="vivado" ToStepId="vivado">
		<Parent Id="system_processing_system7_0_0_synth_1"/>
	</Run>
	<Run Id="impl_1" LaunchDir="/home/zxy/Documents/Vivado/pynq_z2_base/pynq_z2_base.runs/impl_1" FlowId="Vivado_Implementation" FromStepId="init_design" ToStepId="write_bitstream">
		<Parent Id="synth_1"/>
		<Parent Id="system_processing_system7_0_0_synth_1"/>
	</Run>
	<Parameters>
		<Parameter Name="runs.monitorLSFJobs" Val="true" Type="bool"/>
		<Parameter Name="runs.enableClusterConf" Val="true" Type="bool"/>
	</Parameters>
</Runs>

